<?xml version="1.0" encoding="UTF-8"?>
<project-private xmlns="http://www.netbeans.org/ns/project-private/1">
    <editor-bookmarks xmlns="http://www.netbeans.org/ns/editor-bookmarks/2" lastBookmarkId="0"/>
    <open-files xmlns="http://www.netbeans.org/ns/projectui-open-files/2">
        <group>
            <file>file:/Users/sreenivassadhu/NetBeansProjects/WebApplication1/web/index.html</file>
            <file>file:/Users/sreenivassadhu/NetBeansProjects/WebApplication1/src/java/URServletDemo.java</file>
            <file>file:/Users/sreenivassadhu/NetBeansProjects/WebApplication1/src/java/SessionServlet.java</file>
            <file>file:/Users/sreenivassadhu/NetBeansProjects/WebApplication1/web/form1.html</file>
            <file>file:/Users/sreenivassadhu/NetBeansProjects/WebApplication1/src/java/HFServlet.java</file>
            <file>file:/Users/sreenivassadhu/NetBeansProjects/WebApplication1/web/newjsp.jsp</file>
            <file>file:/Users/sreenivassadhu/NetBeansProjects/WebApplication1/src/java/URServlet.java</file>
            <file>file:/Users/sreenivassadhu/NetBeansProjects/WebApplication1/src/java/WelcomeServlet.java</file>
            <file>file:/Users/sreenivassadhu/NetBeansProjects/WebApplication1/src/java/CookieServlet.java</file>
            <file>file:/Users/sreenivassadhu/NetBeansProjects/WebApplication1/src/java/NextServlet.java</file>
            <file>file:/Users/sreenivassadhu/NetBeansProjects/WebApplication1/web/form2.html</file>
            <file>file:/Users/sreenivassadhu/NetBeansProjects/WebApplication1/src/java/ServletDemoHF.java</file>
            <file>file:/Users/sreenivassadhu/NetBeansProjects/WebApplication1/src/java/ServletCfDemo.java</file>
            <file>file:/Users/sreenivassadhu/NetBeansProjects/WebApplication1/web/WEB-INF/web.xml</file>
            <file>file:/Users/sreenivassadhu/NetBeansProjects/WebApplication1/src/java/ServletCgDemo.java</file>
        </group>
    </open-files>
</project-private>
